run_id,map_type,map_name,obstacle_ratio,task_id,optimal_length,algorithm,success,path_length,turn_count,expanded_nodes,runtime_ms,collision_free
exp_v1_longpath,dao,arena,0.1445,0,51.840620,astar_euclidean,True,51.840620,3,163,1.5552,True
exp_v1_longpath,dao,arena,0.1445,0,51.840620,astar_octile,True,51.840620,4,90,0.8715,True
exp_v1_longpath,dao,arena,0.1445,0,51.840620,weighted_1.2,True,51.840620,3,44,0.4442,True
exp_v1_longpath,dao,arena,0.1445,0,51.840620,improved_ours,True,50.307923,1,45,0.7991,True
exp_v1_longpath,dao,arena,0.1445,0,51.840620,ablation_no_adapt,True,50.415456,1,90,0.8338,True
exp_v1_longpath,dao,arena,0.1445,0,51.840620,ablation_no_smooth,True,51.840620,4,45,0.9390,True
exp_v1_longpath,dao,arena,0.1445,1,51.840620,astar_euclidean,True,51.840620,6,329,2.6516,True
exp_v1_longpath,dao,arena,0.1445,1,51.840620,astar_octile,True,51.840620,4,173,1.4910,True
exp_v1_longpath,dao,arena,0.1445,1,51.840620,weighted_1.2,True,51.840620,3,59,0.5757,True
exp_v1_longpath,dao,arena,0.1445,1,51.840620,improved_ours,True,49.929262,2,68,1.0642,True
exp_v1_longpath,dao,arena,0.1445,1,51.840620,ablation_no_adapt,True,49.881146,2,173,1.5212,True
exp_v1_longpath,dao,arena,0.1445,1,51.840620,ablation_no_smooth,True,53.597980,8,68,1.0772,True
exp_v1_longpath,dao,arena,0.1445,2,51.284271,astar_euclidean,True,51.284271,18,496,3.4766,True
exp_v1_longpath,dao,arena,0.1445,2,51.284271,astar_octile,True,51.284271,3,164,1.5881,True
exp_v1_longpath,dao,arena,0.1445,2,51.284271,weighted_1.2,True,51.284271,3,45,0.4474,True
exp_v1_longpath,dao,arena,0.1445,2,51.284271,improved_ours,True,47.523602,1,65,0.9937,True
exp_v1_longpath,dao,arena,0.1445,2,51.284271,ablation_no_adapt,True,48.624015,1,164,1.6116,True
exp_v1_longpath,dao,arena,0.1445,2,51.284271,ablation_no_smooth,True,51.284271,5,65,1.0626,True
exp_v1_longpath,dao,arena,0.1445,3,50.870058,astar_euclidean,True,50.870058,18,499,3.5133,True
exp_v1_longpath,dao,arena,0.1445,3,50.870058,astar_octile,True,50.870058,3,88,0.8295,True
exp_v1_longpath,dao,arena,0.1445,3,50.870058,weighted_1.2,True,50.870058,3,44,0.4459,True
exp_v1_longpath,dao,arena,0.1445,3,50.870058,improved_ours,True,47.010823,1,63,0.9617,True
exp_v1_longpath,dao,arena,0.1445,3,50.870058,ablation_no_adapt,True,47.010823,1,88,0.8184,True
exp_v1_longpath,dao,arena,0.1445,3,50.870058,ablation_no_smooth,True,50.870058,5,63,1.0296,True
exp_v1_longpath,dao,arena,0.1445,4,50.083261,astar_euclidean,True,50.083261,2,58,0.5229,True
exp_v1_longpath,dao,arena,0.1445,4,50.083261,astar_octile,True,50.083261,1,51,0.5621,True
exp_v1_longpath,dao,arena,0.1445,4,50.083261,weighted_1.2,True,50.083261,2,37,0.5147,True
exp_v1_longpath,dao,arena,0.1445,4,50.083261,improved_ours,True,49.526925,1,37,0.7557,True
exp_v1_longpath,dao,arena,0.1445,4,50.083261,ablation_no_adapt,True,49.526925,1,51,0.5899,True
exp_v1_longpath,dao,arena,0.1445,4,50.083261,ablation_no_smooth,True,50.083261,2,37,0.7168,True
exp_v1_longpath,dao,arena2,0.5860,0,363.923882,astar_euclidean,True,363.923882,22,17692,152.6811,True
exp_v1_longpath,dao,arena2,0.5860,0,363.923882,astar_octile,True,363.923882,20,16743,150.2052,True
exp_v1_longpath,dao,arena2,0.5860,0,363.923882,weighted_1.2,True,383.806133,82,14971,172.7991,True
exp_v1_longpath,dao,arena2,0.5860,0,363.923882,improved_ours,True,354.232282,11,12784,187.8155,True
exp_v1_longpath,dao,arena2,0.5860,0,363.923882,ablation_no_adapt,True,354.289896,11,16743,140.1044,True
exp_v1_longpath,dao,arena2,0.5860,0,363.923882,ablation_no_smooth,True,384.735065,93,12784,189.5546,True
exp_v1_longpath,dao,arena2,0.5860,1,362.882251,astar_euclidean,True,362.882251,36,18816,148.9914,True
exp_v1_longpath,dao,arena2,0.5860,1,362.882251,astar_octile,True,362.882251,22,18246,155.3916,True
exp_v1_longpath,dao,arena2,0.5860,1,362.882251,weighted_1.2,True,382.764502,88,16114,155.8418,True
exp_v1_longpath,dao,arena2,0.5860,1,362.882251,improved_ours,True,351.904099,12,13746,193.6105,True
exp_v1_longpath,dao,arena2,0.5860,1,362.882251,ablation_no_adapt,True,350.595622,12,18246,162.3399,True
exp_v1_longpath,dao,arena2,0.5860,1,362.882251,ablation_no_smooth,True,387.592929,101,13746,186.2028,True
exp_v1_longpath,dao,arena2,0.5860,2,362.781746,astar_euclidean,True,362.781746,40,11591,76.5371,True
exp_v1_longpath,dao,arena2,0.5860,2,362.781746,astar_octile,True,362.781746,22,9250,94.1263,True
exp_v1_longpath,dao,arena2,0.5860,2,362.781746,weighted_1.2,True,367.752309,62,3941,38.2948,True
exp_v1_longpath,dao,arena2,0.5860,2,362.781746,improved_ours,True,351.007010,15,3916,47.1855,True
exp_v1_longpath,dao,arena2,0.5860,2,362.781746,ablation_no_adapt,True,351.128309,11,9250,94.0830,True
exp_v1_longpath,dao,arena2,0.5860,2,362.781746,ablation_no_smooth,True,375.651804,59,3916,82.2684,True
exp_v1_longpath,dao,arena2,0.5860,3,362.267027,astar_euclidean,True,362.267027,38,11386,82.8277,True
exp_v1_longpath,dao,arena2,0.5860,3,362.267027,astar_octile,True,362.267027,21,9074,91.7321,True
exp_v1_longpath,dao,arena2,0.5860,3,362.267027,weighted_1.2,True,365.580736,59,3926,35.7888,True
exp_v1_longpath,dao,arena2,0.5860,3,362.267027,improved_ours,True,350.982202,14,3905,57.7336,True
exp_v1_longpath,dao,arena2,0.5860,3,362.267027,ablation_no_adapt,True,351.580902,12,9074,93.4047,True
exp_v1_longpath,dao,arena2,0.5860,3,362.267027,ablation_no_smooth,True,373.237590,58,3905,48.5680,True
exp_v1_longpath,dao,arena2,0.5860,4,362.053824,astar_euclidean,True,362.053824,23,18651,144.9265,True
exp_v1_longpath,dao,arena2,0.5860,4,362.053824,astar_octile,True,362.053824,21,18118,147.3889,True
exp_v1_longpath,dao,arena2,0.5860,4,362.053824,weighted_1.2,True,381.936075,93,16160,163.2653,True
exp_v1_longpath,dao,arena2,0.5860,4,362.053824,improved_ours,True,352.821065,15,14288,199.7080,True
exp_v1_longpath,dao,arena2,0.5860,4,362.053824,ablation_no_adapt,True,350.995626,13,18118,146.5926,True
exp_v1_longpath,dao,arena2,0.5860,4,362.053824,ablation_no_smooth,True,390.663997,90,14288,194.4782,True
exp_v1_longpath,dao,brc000d,0.5682,0,338.663997,astar_euclidean,True,338.663997,44,14002,107.2573,True
exp_v1_longpath,dao,brc000d,0.5682,0,338.663997,astar_octile,True,338.663997,44,12510,105.3891,True
exp_v1_longpath,dao,brc000d,0.5682,0,338.663997,weighted_1.2,True,342.303607,43,8079,75.6605,True
exp_v1_longpath,dao,brc000d,0.5682,0,338.663997,improved_ours,True,325.266764,19,7671,94.1143,True
exp_v1_longpath,dao,brc000d,0.5682,0,338.663997,ablation_no_adapt,True,323.919554,17,12510,107.1050,True
exp_v1_longpath,dao,brc000d,0.5682,0,338.663997,ablation_no_smooth,True,353.918831,89,7671,96.5143,True
exp_v1_longpath,dao,brc000d,0.5682,1,338.546248,astar_euclidean,True,338.546248,42,17922,127.9162,True
exp_v1_longpath,dao,brc000d,0.5682,1,338.546248,astar_octile,True,338.546248,43,17145,145.1625,True
exp_v1_longpath,dao,brc000d,0.5682,1,338.546248,weighted_1.2,True,338.546248,44,15618,133.3012,True
exp_v1_longpath,dao,brc000d,0.5682,1,338.546248,improved_ours,True,322.489183,18,15346,184.6694,True
exp_v1_longpath,dao,brc000d,0.5682,1,338.546248,ablation_no_adapt,True,323.029006,15,17145,145.7293,True
exp_v1_longpath,dao,brc000d,0.5682,1,338.546248,ablation_no_smooth,True,346.404112,70,15346,221.2019,True
exp_v1_longpath,dao,brc000d,0.5682,2,338.291414,astar_euclidean,True,338.291414,59,14035,101.9357,True
exp_v1_longpath,dao,brc000d,0.5682,2,338.291414,astar_octile,True,338.291414,43,12379,114.0271,True
exp_v1_longpath,dao,brc000d,0.5682,2,338.291414,weighted_1.2,True,343.931024,40,7607,93.9927,True
exp_v1_longpath,dao,brc000d,0.5682,2,338.291414,improved_ours,True,330.748092,18,6599,78.6470,True
exp_v1_longpath,dao,brc000d,0.5682,2,338.291414,ablation_no_adapt,True,324.731550,15,12379,99.9518,True
exp_v1_longpath,dao,brc000d,0.5682,2,338.291414,ablation_no_smooth,True,356.717821,82,6599,79.8559,True
exp_v1_longpath,dao,brc000d,0.5682,3,338.031529,astar_euclidean,True,338.031529,39,11170,86.0127,True
exp_v1_longpath,dao,brc000d,0.5682,3,338.031529,astar_octile,True,338.031529,43,9399,90.8645,True
exp_v1_longpath,dao,brc000d,0.5682,3,338.031529,weighted_1.2,True,338.859956,41,4187,34.8233,True
exp_v1_longpath,dao,brc000d,0.5682,3,338.031529,improved_ours,True,323.505149,17,4324,45.9232,True
exp_v1_longpath,dao,brc000d,0.5682,3,338.031529,ablation_no_adapt,True,323.688631,16,9399,83.5267,True
exp_v1_longpath,dao,brc000d,0.5682,3,338.031529,ablation_no_smooth,True,355.161472,86,4324,45.9667,True
exp_v1_longpath,dao,brc000d,0.5682,4,337.374675,astar_euclidean,True,337.374675,60,8888,62.8261,True
exp_v1_longpath,dao,brc000d,0.5682,4,337.374675,astar_octile,True,337.374675,43,7198,61.2356,True
exp_v1_longpath,dao,brc000d,0.5682,4,337.374675,weighted_1.2,True,344.646753,40,5331,38.5743,True
exp_v1_longpath,dao,brc000d,0.5682,4,337.374675,improved_ours,True,325.249142,16,4331,52.9983,True
exp_v1_longpath,dao,brc000d,0.5682,4,337.374675,ablation_no_adapt,True,323.642456,16,7198,54.9866,True
exp_v1_longpath,dao,brc000d,0.5682,4,337.374675,ablation_no_smooth,True,356.019336,87,4331,50.1697,True
exp_v1_longpath,dao,brc100d,0.8768,0,543.582828,astar_euclidean,True,543.582828,99,24108,207.6528,True
exp_v1_longpath,dao,brc100d,0.8768,0,543.582828,astar_octile,True,543.582828,89,23435,226.1493,True
exp_v1_longpath,dao,brc100d,0.8768,0,543.582828,weighted_1.2,True,543.582828,91,21958,200.4106,True
exp_v1_longpath,dao,brc100d,0.8768,0,543.582828,improved_ours,True,519.170535,23,21722,296.4824,True
exp_v1_longpath,dao,brc100d,0.8768,0,543.582828,ablation_no_adapt,True,518.160781,26,23435,225.9731,True
exp_v1_longpath,dao,brc100d,0.8768,0,543.582828,ablation_no_smooth,True,552.026479,111,21722,298.0653,True
exp_v1_longpath,dao,brc100d,0.8768,1,542.612265,astar_euclidean,True,542.612265,90,24102,180.8509,True
exp_v1_longpath,dao,brc100d,0.8768,1,542.612265,astar_octile,True,542.612265,88,23417,216.8771,True
exp_v1_longpath,dao,brc100d,0.8768,1,542.612265,weighted_1.2,True,543.440692,90,22021,205.3285,True
exp_v1_longpath,dao,brc100d,0.8768,1,542.612265,improved_ours,True,512.914062,22,21799,305.1994,True
exp_v1_longpath,dao,brc100d,0.8768,1,542.612265,ablation_no_adapt,True,513.727112,22,23417,212.1793,True
exp_v1_longpath,dao,brc100d,0.8768,1,542.612265,ablation_no_smooth,True,557.683333,154,21799,299.4264,True
exp_v1_longpath,dao,brc100d,0.8768,2,542.227489,astar_euclidean,True,542.227489,95,23534,186.5977,True
exp_v1_longpath,dao,brc100d,0.8768,2,542.227489,astar_octile,True,542.227489,72,23151,225.7440,True
exp_v1_longpath,dao,brc100d,0.8768,2,542.227489,weighted_1.2,True,547.825469,102,20758,196.6831,True
exp_v1_longpath,dao,brc100d,0.8768,2,542.227489,improved_ours,True,515.513963,23,20138,275.4273,True
exp_v1_longpath,dao,brc100d,0.8768,2,542.227489,ablation_no_adapt,True,514.165078,20,23151,215.8966,True
exp_v1_longpath,dao,brc100d,0.8768,2,542.227489,ablation_no_smooth,True,562.653896,149,20138,280.7156,True
exp_v1_longpath,dao,brc100d,0.8768,3,541.925974,astar_euclidean,True,541.925974,104,23196,175.3167,True
exp_v1_longpath,dao,brc100d,0.8768,3,541.925974,astar_octile,True,541.925974,82,22551,213.9455,True
exp_v1_longpath,dao,brc100d,0.8768,3,541.925974,weighted_1.2,True,546.068109,101,20791,194.4505,True
exp_v1_longpath,dao,brc100d,0.8768,3,541.925974,improved_ours,True,513.122774,21,20856,283.1155,True
exp_v1_longpath,dao,brc100d,0.8768,3,541.925974,ablation_no_adapt,True,515.983134,23,22551,209.2562,True
exp_v1_longpath,dao,brc100d,0.8768,3,541.925974,ablation_no_smooth,True,561.440692,145,20856,281.6815,True
exp_v1_longpath,dao,brc100d,0.8768,4,541.641702,astar_euclidean,True,541.641702,112,23089,175.2894,True
exp_v1_longpath,dao,brc100d,0.8768,4,541.641702,astar_octile,True,541.641702,71,22628,222.8968,True
exp_v1_longpath,dao,brc100d,0.8768,4,541.641702,weighted_1.2,True,549.097546,110,20131,198.2365,True
exp_v1_longpath,dao,brc100d,0.8768,4,541.641702,improved_ours,True,510.438716,20,19789,278.6813,True
exp_v1_longpath,dao,brc100d,0.8768,4,541.641702,ablation_no_adapt,True,511.245015,20,22628,215.8311,True
exp_v1_longpath,dao,brc100d,0.8768,4,541.641702,ablation_no_smooth,True,564.411255,157,19789,262.9727,True
exp_v1_longpath,dao,brc101d,0.8782,0,626.570634,astar_euclidean,True,626.570635,91,22023,183.7326,True
exp_v1_longpath,dao,brc101d,0.8782,0,626.570634,astar_octile,True,626.570635,87,19317,198.7331,True
exp_v1_longpath,dao,brc101d,0.8782,0,626.570634,weighted_1.2,True,630.712770,83,16500,184.6184,True
exp_v1_longpath,dao,brc101d,0.8782,0,626.570634,improved_ours,True,600.072052,26,16106,230.5177,True
exp_v1_longpath,dao,brc101d,0.8782,0,626.570634,ablation_no_adapt,True,601.345951,24,19317,219.5321,True
exp_v1_longpath,dao,brc101d,0.8782,0,626.570634,ablation_no_smooth,True,670.671140,178,16106,236.3337,True
exp_v1_longpath,dao,brc101d,0.8782,1,626.198051,astar_euclidean,True,626.198052,74,18160,134.7820,True
exp_v1_longpath,dao,brc101d,0.8782,1,626.198051,astar_octile,True,626.198052,78,17733,146.1618,True
exp_v1_longpath,dao,brc101d,0.8782,1,626.198051,weighted_1.2,True,637.796031,121,16717,160.8653,True
exp_v1_longpath,dao,brc101d,0.8782,1,626.198051,improved_ours,True,607.442539,29,16479,227.4669,True
exp_v1_longpath,dao,brc101d,0.8782,1,626.198051,ablation_no_adapt,True,599.411758,23,17733,137.7581,True
exp_v1_longpath,dao,brc101d,0.8782,1,626.198051,ablation_no_smooth,True,655.653896,177,16479,237.0652,True
exp_v1_longpath,dao,brc101d,0.8782,2,625.754401,astar_euclidean,True,625.754401,83,19013,136.0388,True
exp_v1_longpath,dao,brc101d,0.8782,2,625.754401,astar_octile,True,625.754401,79,18476,149.3845,True
exp_v1_longpath,dao,brc101d,0.8782,2,625.754401,weighted_1.2,True,633.210245,115,16546,145.8800,True
exp_v1_longpath,dao,brc101d,0.8782,2,625.754401,improved_ours,True,600.975378,28,16834,235.5351,True
exp_v1_longpath,dao,brc101d,0.8782,2,625.754401,ablation_no_adapt,True,606.082577,18,18476,146.2355,True
exp_v1_longpath,dao,brc101d,0.8782,2,625.754401,ablation_no_smooth,True,683.068109,188,16834,238.6365,True
exp_v1_longpath,dao,brc101d,0.8782,3,624.984848,astar_euclidean,True,624.984848,78,17490,126.8702,True
exp_v1_longpath,dao,brc101d,0.8782,3,624.984848,astar_octile,True,624.984848,79,17082,135.2195,True
exp_v1_longpath,dao,brc101d,0.8782,3,624.984848,weighted_1.2,True,634.097546,107,16245,166.7391,True
exp_v1_longpath,dao,brc101d,0.8782,3,624.984848,improved_ours,True,607.444413,29,15700,212.5757,True
exp_v1_longpath,dao,brc101d,0.8782,3,624.984848,ablation_no_adapt,True,598.453024,25,17082,134.8924,True
exp_v1_longpath,dao,brc101d,0.8782,3,624.984848,ablation_no_smooth,True,655.511760,178,15700,218.3004,True
exp_v1_longpath,dao,brc101d,0.8782,4,624.967604,astar_euclidean,True,624.967604,122,21633,159.4211,True
exp_v1_longpath,dao,brc101d,0.8782,4,624.967604,astar_octile,True,624.967604,85,19198,185.6938,True
exp_v1_longpath,dao,brc101d,0.8782,4,624.967604,weighted_1.2,True,624.967604,94,15713,147.1932,True
exp_v1_longpath,dao,brc101d,0.8782,4,624.967604,improved_ours,True,607.630198,29,16242,216.1633,True
exp_v1_longpath,dao,brc101d,0.8782,4,624.967604,ablation_no_adapt,True,598.113063,21,19198,175.4549,True
exp_v1_longpath,dao,brc101d,0.8782,4,624.967604,ablation_no_smooth,True,681.369624,209,16242,217.7789,True
exp_v1_longpath,street,Berlin_0_256,0.2653,0,371.629509,astar_euclidean,True,371.629509,84,17155,132.4240,True
exp_v1_longpath,street,Berlin_0_256,0.2653,0,371.629509,astar_octile,True,371.629509,44,9975,84.4732,True
exp_v1_longpath,street,Berlin_0_256,0.2653,0,371.629509,weighted_1.2,True,374.114790,17,5511,49.6677,True
exp_v1_longpath,street,Berlin_0_256,0.2653,0,371.629509,improved_ours,True,353.996554,7,4371,61.6931,True
exp_v1_longpath,street,Berlin_0_256,0.2653,0,371.629509,ablation_no_adapt,True,353.912796,5,9975,81.6308,True
exp_v1_longpath,street,Berlin_0_256,0.2653,0,371.629509,ablation_no_smooth,True,390.658946,69,4371,54.6212,True
exp_v1_longpath,street,Berlin_0_256,0.2653,1,371.144228,astar_euclidean,True,371.144228,86,17992,141.2598,True
exp_v1_longpath,street,Berlin_0_256,0.2653,1,371.144228,astar_octile,True,371.144228,40,10525,94.0689,True
exp_v1_longpath,street,Berlin_0_256,0.2653,1,371.144228,weighted_1.2,True,409.185858,73,10657,99.7729,True
exp_v1_longpath,street,Berlin_0_256,0.2653,1,371.144228,improved_ours,True,352.481181,5,9532,128.4663,True
exp_v1_longpath,street,Berlin_0_256,0.2653,1,371.144228,ablation_no_adapt,True,352.074874,4,10525,91.2187,True
exp_v1_longpath,street,Berlin_0_256,0.2653,1,371.144228,ablation_no_smooth,True,390.073160,71,9532,127.3411,True
exp_v1_longpath,street,Berlin_0_256,0.2653,2,371.073160,astar_euclidean,True,371.073160,100,18233,137.5383,True
exp_v1_longpath,street,Berlin_0_256,0.2653,2,371.073160,astar_octile,True,371.073160,106,15463,122.0438,True
exp_v1_longpath,street,Berlin_0_256,0.2653,2,371.073160,weighted_1.2,True,374.386868,85,10585,94.4200,True
exp_v1_longpath,street,Berlin_0_256,0.2653,2,371.073160,improved_ours,True,351.266189,9,9867,128.6478,True
exp_v1_longpath,street,Berlin_0_256,0.2653,2,371.073160,ablation_no_adapt,True,352.841465,7,15463,137.1978,True
exp_v1_longpath,street,Berlin_0_256,0.2653,2,371.073160,ablation_no_smooth,True,379.516811,80,9867,133.5940,True
exp_v1_longpath,street,Berlin_0_256,0.2653,3,370.173665,astar_euclidean,True,370.173665,97,13465,112.5416,True
exp_v1_longpath,street,Berlin_0_256,0.2653,3,370.173665,astar_octile,True,370.173665,40,8945,88.4707,True
exp_v1_longpath,street,Berlin_0_256,0.2653,3,370.173665,weighted_1.2,True,373.487373,37,4683,36.9460,True
exp_v1_longpath,street,Berlin_0_256,0.2653,3,370.173665,improved_ours,True,351.881168,7,5860,80.3008,True
exp_v1_longpath,street,Berlin_0_256,0.2653,3,370.173665,ablation_no_adapt,True,352.358656,5,8945,90.8917,True
exp_v1_longpath,street,Berlin_0_256,0.2653,3,370.173665,ablation_no_smooth,True,403.730014,114,5860,77.8383,True
exp_v1_longpath,street,Berlin_0_256,0.2653,4,370.114790,astar_euclidean,True,370.114790,113,12106,98.2019,True
exp_v1_longpath,street,Berlin_0_256,0.2653,4,370.114790,astar_octile,True,370.114790,40,7907,76.1081,True
exp_v1_longpath,street,Berlin_0_256,0.2653,4,370.114790,weighted_1.2,True,370.114790,25,3387,27.5673,True
exp_v1_longpath,street,Berlin_0_256,0.2653,4,370.114790,improved_ours,True,351.854490,8,4604,63.6959,True
exp_v1_longpath,street,Berlin_0_256,0.2653,4,370.114790,ablation_no_adapt,True,351.335996,5,7907,66.5598,True
exp_v1_longpath,street,Berlin_0_256,0.2653,4,370.114790,ablation_no_smooth,True,404.700577,82,4604,57.5020,True
exp_v1_longpath,street,Berlin_0_512,0.2498,0,746.803174,astar_euclidean,True,746.803174,176,84164,858.8795,True
exp_v1_longpath,street,Berlin_0_512,0.2498,0,746.803174,astar_octile,True,746.803174,72,48814,450.4466,True
exp_v1_longpath,street,Berlin_0_512,0.2498,0,746.803174,weighted_1.2,True,753.430591,25,57883,630.4356,True
exp_v1_longpath,street,Berlin_0_512,0.2498,0,746.803174,improved_ours,True,771.734062,5,37921,620.3152,True
exp_v1_longpath,street,Berlin_0_512,0.2498,0,746.803174,ablation_no_adapt,True,708.378167,6,48814,446.8563,True
exp_v1_longpath,street,Berlin_0_512,0.2498,0,746.803174,ablation_no_smooth,True,852.844805,311,37921,599.5465,True
exp_v1_longpath,street,Berlin_0_512,0.2498,1,746.501659,astar_euclidean,True,746.501659,207,48507,426.8069,True
exp_v1_longpath,street,Berlin_0_512,0.2498,1,746.501659,astar_octile,True,746.501659,58,31283,334.7628,True
exp_v1_longpath,street,Berlin_0_512,0.2498,1,746.501659,weighted_1.2,True,747.330086,51,13224,123.1858,True
exp_v1_longpath,street,Berlin_0_512,0.2498,1,746.501659,improved_ours,True,709.620317,9,12561,182.4515,True
exp_v1_longpath,street,Berlin_0_512,0.2498,1,746.501659,ablation_no_adapt,True,709.751684,5,31283,326.5296,True
exp_v1_longpath,street,Berlin_0_512,0.2498,1,746.501659,ablation_no_smooth,True,794.969696,114,12561,169.5685,True
exp_v1_longpath,street,Berlin_0_512,0.2498,2,746.288455,astar_euclidean,True,746.288455,157,86853,724.2652,True
exp_v1_longpath,street,Berlin_0_512,0.2498,2,746.288455,astar_octile,True,746.288455,155,81247,952.8245,True
exp_v1_longpath,street,Berlin_0_512,0.2498,2,746.288455,weighted_1.2,True,752.087445,181,73617,862.6652,True
exp_v1_longpath,street,Berlin_0_512,0.2498,2,746.288455,improved_ours,True,709.055857,9,72098,1183.3318,True
exp_v1_longpath,street,Berlin_0_512,0.2498,2,746.288455,ablation_no_adapt,True,707.631570,7,81247,928.0658,True
exp_v1_longpath,street,Berlin_0_512,0.2498,2,746.288455,ablation_no_smooth,True,764.690476,220,72098,1192.4783,True
exp_v1_longpath,street,Berlin_0_512,0.2498,3,746.075252,astar_euclidean,True,746.075252,150,87998,853.4045,True
exp_v1_longpath,street,Berlin_0_512,0.2498,3,746.075252,astar_octile,True,746.075252,90,57128,550.2669,True
exp_v1_longpath,street,Berlin_0_512,0.2498,3,746.075252,weighted_1.2,True,818.744299,137,59711,646.4057,True
exp_v1_longpath,street,Berlin_0_512,0.2498,3,746.075252,improved_ours,True,765.761813,5,37905,586.9129,True
exp_v1_longpath,street,Berlin_0_512,0.2498,3,746.075252,ablation_no_adapt,True,708.274444,6,57128,519.0680,True
exp_v1_longpath,street,Berlin_0_512,0.2498,3,746.075252,ablation_no_smooth,True,842.501659,305,37905,656.8383,True
exp_v1_longpath,street,Berlin_0_512,0.2498,4,745.790981,astar_euclidean,True,745.790981,187,54752,468.8496,True
exp_v1_longpath,street,Berlin_0_512,0.2498,4,745.790981,astar_octile,True,745.790981,92,35745,391.2136,True
exp_v1_longpath,street,Berlin_0_512,0.2498,4,745.790981,weighted_1.2,True,753.246825,109,18096,189.7465,True
exp_v1_longpath,street,Berlin_0_512,0.2498,4,745.790981,improved_ours,True,711.743792,8,13814,205.0517,True
exp_v1_longpath,street,Berlin_0_512,0.2498,4,745.790981,ablation_no_adapt,True,712.349853,4,35745,395.4232,True
exp_v1_longpath,street,Berlin_0_512,0.2498,4,745.790981,ablation_no_smooth,True,789.531096,166,13814,195.6465,True
exp_v1_longpath,street,Berlin_0_1024,0.2421,0,1539.802307,astar_euclidean,True,1539.802307,314,310225,4060.5796,True
exp_v1_longpath,street,Berlin_0_1024,0.2421,0,1539.802307,astar_octile,True,1539.802307,94,171517,1853.6849,True
exp_v1_longpath,street,Berlin_0_1024,0.2421,0,1539.802307,weighted_1.2,True,1539.802307,5,210852,2663.2067,True
exp_v1_longpath,street,Berlin_0_1024,0.2421,0,1539.802307,improved_ours,True,1593.981912,6,131253,2367.4088,True
exp_v1_longpath,street,Berlin_0_1024,0.2421,0,1539.802307,ablation_no_adapt,True,1460.105497,7,171517,1845.4072,True
exp_v1_longpath,street,Berlin_0_1024,0.2421,0,1539.802307,ablation_no_smooth,True,1770.873375,632,131253,2362.6855,True
exp_v1_longpath,street,Berlin_0_1024,0.2421,1,1539.535280,astar_euclidean,True,1539.535280,258,382643,4807.6039,True
exp_v1_longpath,street,Berlin_0_1024,0.2421,1,1539.535280,astar_octile,True,1539.535280,180,245887,2582.4351,True
exp_v1_longpath,street,Berlin_0_1024,0.2421,1,1539.535280,weighted_1.2,True,1678.772870,267,256643,3321.8531,True
exp_v1_longpath,street,Berlin_0_1024,0.2421,1,1539.535280,improved_ours,True,1564.160937,7,173362,3077.8786,True
exp_v1_longpath,street,Berlin_0_1024,0.2421,1,1539.535280,ablation_no_adapt,True,1462.110111,7,245887,2648.4871,True
exp_v1_longpath,street,Berlin_0_1024,0.2421,1,1539.535280,ablation_no_smooth,True,1722.187084,637,173362,3083.7522,True
exp_v1_longpath,street,Berlin_0_1024,0.2421,2,1538.263202,astar_euclidean,True,1538.263202,437,225261,2340.4630,True
exp_v1_longpath,street,Berlin_0_1024,0.2421,2,1538.263202,astar_octile,True,1538.263202,129,147802,1719.3637,True
exp_v1_longpath,street,Berlin_0_1024,0.2421,2,1538.263202,weighted_1.2,True,1554.003318,167,71977,737.2442,True
exp_v1_longpath,street,Berlin_0_1024,0.2421,2,1538.263202,improved_ours,True,1464.505180,10,44435,672.4846,True
exp_v1_longpath,street,Berlin_0_1024,0.2421,2,1538.263202,ablation_no_adapt,True,1460.385903,7,147802,1749.8734,True
exp_v1_longpath,street,Berlin_0_1024,0.2421,2,1538.263202,ablation_no_smooth,True,1614.956636,230,44435,684.1965,True
exp_v1_longpath,street,Berlin_0_1024,0.2421,3,1537.902812,astar_euclidean,True,1537.902812,479,206569,2192.5411,True
exp_v1_longpath,street,Berlin_0_1024,0.2421,3,1537.902812,astar_octile,True,1537.902812,98,134414,1544.3090,True
exp_v1_longpath,street,Berlin_0_1024,0.2421,3,1537.902812,weighted_1.2,True,1547.015511,93,58203,588.9586,True
exp_v1_longpath,street,Berlin_0_1024,0.2421,3,1537.902812,improved_ours,True,1501.888615,9,45197,680.7170,True
exp_v1_longpath,street,Berlin_0_1024,0.2421,3,1537.902812,ablation_no_adapt,True,1458.101567,7,134414,1574.5423,True
exp_v1_longpath,street,Berlin_0_1024,0.2421,3,1537.902812,ablation_no_smooth,True,1626.755626,220,45197,744.8831,True
exp_v1_longpath,street,Berlin_0_1024,0.2421,4,1537.677415,astar_euclidean,True,1537.677416,405,232328,2589.2200,True
exp_v1_longpath,street,Berlin_0_1024,0.2421,4,1537.677415,astar_octile,True,1537.677416,95,153953,1861.1205,True
exp_v1_longpath,street,Berlin_0_1024,0.2421,4,1537.677415,weighted_1.2,True,1553.417531,135,75466,777.6830,True
exp_v1_longpath,street,Berlin_0_1024,0.2421,4,1537.677415,improved_ours,True,1459.388830,9,45200,684.5125,True
exp_v1_longpath,street,Berlin_0_1024,0.2421,4,1537.677415,ablation_no_adapt,True,1461.610937,7,153953,1734.4929,True
exp_v1_longpath,street,Berlin_0_1024,0.2421,4,1537.677415,ablation_no_smooth,True,1614.370850,186,45200,705.8253,True
exp_v1_longpath,street,Berlin_1_256,0.2746,0,363.333044,astar_euclidean,True,363.333044,103,19253,156.3435,True
exp_v1_longpath,street,Berlin_1_256,0.2746,0,363.333044,astar_octile,True,363.333044,49,13786,114.5133,True
exp_v1_longpath,street,Berlin_1_256,0.2746,0,363.333044,weighted_1.2,True,365.333044,69,3526,37.4214,True
exp_v1_longpath,street,Berlin_1_256,0.2746,0,363.333044,improved_ours,True,350.213209,17,2776,33.5317,True
exp_v1_longpath,street,Berlin_1_256,0.2746,0,363.333044,ablation_no_adapt,True,343.408164,16,13786,144.4172,True
exp_v1_longpath,street,Berlin_1_256,0.2746,0,363.333044,ablation_no_smooth,True,382.462987,93,2776,32.6518,True
exp_v1_longpath,street,Berlin_1_256,0.2746,1,362.989899,astar_euclidean,True,362.989899,86,16649,126.4535,True
exp_v1_longpath,street,Berlin_1_256,0.2746,1,362.989899,astar_octile,True,362.989899,52,12070,103.8264,True
exp_v1_longpath,street,Berlin_1_256,0.2746,1,362.989899,weighted_1.2,True,364.646753,63,6580,60.5387,True
exp_v1_longpath,street,Berlin_1_256,0.2746,1,362.989899,improved_ours,True,345.104982,15,6779,86.3640,True
exp_v1_longpath,street,Berlin_1_256,0.2746,1,362.989899,ablation_no_adapt,True,344.810013,12,12070,116.9939,True
exp_v1_longpath,street,Berlin_1_256,0.2746,1,362.989899,ablation_no_smooth,True,384.847763,76,6779,88.9387,True
exp_v1_longpath,street,Berlin_1_256,0.2746,2,362.575685,astar_euclidean,True,362.575685,48,18575,141.5795,True
exp_v1_longpath,street,Berlin_1_256,0.2746,2,362.575685,astar_octile,True,362.575685,48,14258,124.1605,True
exp_v1_longpath,street,Berlin_1_256,0.2746,2,362.575685,weighted_1.2,True,365.889394,57,5267,44.0770,True
exp_v1_longpath,street,Berlin_1_256,0.2746,2,362.575685,improved_ours,True,356.334452,20,7274,92.4085,True
exp_v1_longpath,street,Berlin_1_256,0.2746,2,362.575685,ablation_no_adapt,True,344.041065,12,14258,121.5121,True
exp_v1_longpath,street,Berlin_1_256,0.2746,2,362.575685,ablation_no_smooth,True,395.646753,93,7274,88.8151,True
exp_v1_longpath,street,Berlin_1_256,0.2746,3,361.989899,astar_euclidean,True,361.989899,36,21433,164.7427,True
exp_v1_longpath,street,Berlin_1_256,0.2746,3,361.989899,astar_octile,True,361.989899,38,16474,139.3192,True
exp_v1_longpath,street,Berlin_1_256,0.2746,3,361.989899,weighted_1.2,True,365.404112,66,6347,55.8297,True
exp_v1_longpath,street,Berlin_1_256,0.2746,3,361.989899,improved_ours,True,350.465473,15,5329,61.6490,True
exp_v1_longpath,street,Berlin_1_256,0.2746,3,361.989899,ablation_no_adapt,True,344.118621,9,16474,133.1412,True
exp_v1_longpath,street,Berlin_1_256,0.2746,3,361.989899,ablation_no_smooth,True,386.190909,101,5329,70.5529,True
exp_v1_longpath,street,Berlin_1_256,0.2746,4,361.575685,astar_euclidean,True,361.575685,64,24031,171.7933,True
exp_v1_longpath,street,Berlin_1_256,0.2746,4,361.575685,astar_octile,True,361.575685,57,20444,215.4626,True
exp_v1_longpath,street,Berlin_1_256,0.2746,4,361.575685,weighted_1.2,True,373.818326,70,10093,90.6356,True
exp_v1_longpath,street,Berlin_1_256,0.2746,4,361.575685,improved_ours,True,343.282957,17,6441,86.0196,True
exp_v1_longpath,street,Berlin_1_256,0.2746,4,361.575685,ablation_no_adapt,True,344.761554,15,20444,179.8050,True
exp_v1_longpath,street,Berlin_1_256,0.2746,4,361.575685,ablation_no_smooth,True,374.261977,84,6441,81.6525,True
exp_v1_longpath,street,Berlin_1_1024,0.2377,0,1567.937300,astar_euclidean,True,1567.937300,111,419266,5406.0312,True
exp_v1_longpath,street,Berlin_1_1024,0.2377,0,1567.937300,astar_octile,True,1567.937300,82,308352,4299.5910,True
exp_v1_longpath,street,Berlin_1_1024,0.2377,0,1567.937300,weighted_1.2,True,1635.049999,279,62245,664.4464,True
exp_v1_longpath,street,Berlin_1_1024,0.2377,0,1567.937300,improved_ours,True,1521.916173,26,38856,636.0485,True
exp_v1_longpath,street,Berlin_1_1024,0.2377,0,1567.937300,ablation_no_adapt,True,1506.545616,18,308352,4202.2643,True
exp_v1_longpath,street,Berlin_1_1024,0.2377,0,1567.937300,ablation_no_smooth,True,1703.351514,387,38856,606.6925,True
exp_v1_longpath,street,Berlin_1_1024,0.2377,1,1567.711903,astar_euclidean,True,1567.711904,152,290469,3320.5123,True
exp_v1_longpath,street,Berlin_1_1024,0.2377,1,1567.711903,astar_octile,True,1567.711904,146,209258,2560.7595,True
exp_v1_longpath,street,Berlin_1_1024,0.2377,1,1567.711903,weighted_1.2,True,1590.907863,187,79823,914.6373,True
exp_v1_longpath,street,Berlin_1_1024,0.2377,1,1567.711903,improved_ours,True,1533.654179,32,82946,1349.9007,True
exp_v1_longpath,street,Berlin_1_1024,0.2377,1,1567.711903,ablation_no_adapt,True,1499.336396,21,209258,2450.1005,True
exp_v1_longpath,street,Berlin_1_1024,0.2377,1,1567.711903,ablation_no_smooth,True,1692.037805,307,82946,1333.1311,True
exp_v1_longpath,street,Berlin_1_1024,0.2377,2,1567.523087,astar_euclidean,True,1567.523087,142,421085,5599.3581,True
exp_v1_longpath,street,Berlin_1_1024,0.2377,2,1567.523087,astar_octile,True,1567.523087,88,307283,4274.0155,True
exp_v1_longpath,street,Berlin_1_1024,0.2377,2,1567.523087,weighted_1.2,True,1606.459162,241,68173,729.4161,True
exp_v1_longpath,street,Berlin_1_1024,0.2377,2,1567.523087,improved_ours,True,1539.457885,28,50770,795.4481,True
exp_v1_longpath,street,Berlin_1_1024,0.2377,2,1567.523087,ablation_no_adapt,True,1510.762473,18,307283,4151.2665,True
exp_v1_longpath,street,Berlin_1_1024,0.2377,2,1567.523087,ablation_no_smooth,True,1705.765727,360,50770,827.0956,True
exp_v1_longpath,street,Berlin_1_1024,0.2377,3,1567.380951,astar_euclidean,True,1567.380951,332,391976,4598.5127,True
exp_v1_longpath,street,Berlin_1_1024,0.2377,3,1567.380951,astar_octile,True,1567.380951,117,244012,2604.3613,True
exp_v1_longpath,street,Berlin_1_1024,0.2377,3,1567.380951,weighted_1.2,True,1586.434775,215,91206,987.0553,True
exp_v1_longpath,street,Berlin_1_1024,0.2377,3,1567.380951,improved_ours,True,1525.829151,45,98258,1602.8385,True
exp_v1_longpath,street,Berlin_1_1024,0.2377,3,1567.380951,ablation_no_adapt,True,1502.130443,23,244012,2496.7925,True
exp_v1_longpath,street,Berlin_1_1024,0.2377,3,1567.380951,ablation_no_smooth,True,1726.452019,407,98258,1682.8376,True
exp_v1_longpath,street,Berlin_1_1024,0.2377,4,1567.037805,astar_euclidean,True,1567.037805,506,404936,4766.8369,True
exp_v1_longpath,street,Berlin_1_1024,0.2377,4,1567.037805,astar_octile,True,1567.037805,161,290182,3217.2228,True
exp_v1_longpath,street,Berlin_1_1024,0.2377,4,1567.037805,weighted_1.2,True,1608.209378,193,110706,1214.4483,True
exp_v1_longpath,street,Berlin_1_1024,0.2377,4,1567.037805,improved_ours,True,1543.523711,54,61139,997.4019,True
exp_v1_longpath,street,Berlin_1_1024,0.2377,4,1567.037805,ablation_no_adapt,True,1479.702904,14,290182,2976.2417,True
exp_v1_longpath,street,Berlin_1_1024,0.2377,4,1567.037805,ablation_no_smooth,True,1719.623592,379,61139,962.2824,True
exp_v1_longpath,wc3,battleground,0.6480,0,531.849855,astar_euclidean,True,531.849855,20,29300,287.0127,True
exp_v1_longpath,wc3,battleground,0.6480,0,531.849855,astar_octile,True,531.849855,38,21244,192.5445,True
exp_v1_longpath,wc3,battleground,0.6480,0,531.849855,weighted_1.2,True,536.820418,32,2437,22.8166,True
exp_v1_longpath,wc3,battleground,0.6480,0,531.849855,improved_ours,True,509.883111,13,3320,48.8068,True
exp_v1_longpath,wc3,battleground,0.6480,0,531.849855,ablation_no_adapt,True,509.603961,11,21244,207.3566,True
exp_v1_longpath,wc3,battleground,0.6480,0,531.849855,ablation_no_smooth,True,554.979797,80,3320,43.8801,True
exp_v1_longpath,wc3,battleground,0.6480,1,531.737157,astar_euclidean,True,531.737157,50,28426,261.9852,True
exp_v1_longpath,wc3,battleground,0.6480,1,531.737157,astar_octile,True,531.737157,44,20946,215.1573,True
exp_v1_longpath,wc3,battleground,0.6480,1,531.737157,weighted_1.2,True,537.536147,37,3225,30.3484,True
exp_v1_longpath,wc3,battleground,0.6480,1,531.737157,improved_ours,True,513.486951,17,4279,55.5681,True
exp_v1_longpath,wc3,battleground,0.6480,1,531.737157,ablation_no_adapt,True,508.220907,11,20946,197.2017,True
exp_v1_longpath,wc3,battleground,0.6480,1,531.737157,ablation_no_smooth,True,574.180808,93,4279,60.3132,True
exp_v1_longpath,wc3,battleground,0.6480,2,531.737157,astar_euclidean,True,531.737157,18,41528,400.1373,True
exp_v1_longpath,wc3,battleground,0.6480,2,531.737157,astar_octile,True,531.737157,25,32509,307.3836,True
exp_v1_longpath,wc3,battleground,0.6480,2,531.737157,weighted_1.2,True,532.565584,19,5655,56.2302,True
exp_v1_longpath,wc3,battleground,0.6480,2,531.737157,improved_ours,True,519.910037,11,5966,77.0815,True
exp_v1_longpath,wc3,battleground,0.6480,2,531.737157,ablation_no_adapt,True,515.349201,8,32509,297.7224,True
exp_v1_longpath,wc3,battleground,0.6480,2,531.737157,ablation_no_smooth,True,547.352380,54,5966,77.0451,True
exp_v1_longpath,wc3,battleground,0.6480,3,531.636652,astar_euclidean,True,531.636652,52,28889,261.7103,True
exp_v1_longpath,wc3,battleground,0.6480,3,531.636652,astar_octile,True,531.636652,28,19436,194.4750,True
exp_v1_longpath,wc3,battleground,0.6480,3,531.636652,weighted_1.2,True,536.707720,34,2366,20.6468,True
exp_v1_longpath,wc3,battleground,0.6480,3,531.636652,improved_ours,True,508.234140,16,2860,45.2657,True
exp_v1_longpath,wc3,battleground,0.6480,3,531.636652,ablation_no_adapt,True,507.238522,9,19436,204.2913,True
exp_v1_longpath,wc3,battleground,0.6480,3,531.636652,ablation_no_smooth,True,558.038672,94,2860,39.5047,True
exp_v1_longpath,wc3,battleground,0.6480,4,530.737157,astar_euclidean,True,530.737157,44,29071,258.3147,True
exp_v1_longpath,wc3,battleground,0.6480,4,530.737157,astar_octile,True,530.737157,24,22159,193.6261,True
exp_v1_longpath,wc3,battleground,0.6480,4,530.737157,weighted_1.2,True,534.737157,25,3843,35.4497,True
exp_v1_longpath,wc3,battleground,0.6480,4,530.737157,improved_ours,True,518.545602,16,5934,78.7861,True
exp_v1_longpath,wc3,battleground,0.6480,4,530.737157,ablation_no_adapt,True,512.414029,11,22159,195.6685,True
exp_v1_longpath,wc3,battleground,0.6480,4,530.737157,ablation_no_smooth,True,560.796031,69,5934,79.4575,True
exp_v1_longpath,wc3,blastedlands,0.4987,0,542.925974,astar_euclidean,True,542.925974,91,47894,429.1715,True
exp_v1_longpath,wc3,blastedlands,0.4987,0,542.925974,astar_octile,True,542.925974,25,21186,199.0356,True
exp_v1_longpath,wc3,blastedlands,0.4987,0,542.925974,weighted_1.2,True,559.026479,41,2140,19.5330,True
exp_v1_longpath,wc3,blastedlands,0.4987,0,542.925974,improved_ours,True,529.082205,13,4118,52.6191,True
exp_v1_longpath,wc3,blastedlands,0.4987,0,542.925974,ablation_no_adapt,True,526.759098,10,21186,196.1454,True
exp_v1_longpath,wc3,blastedlands,0.4987,0,542.925974,ablation_no_smooth,True,596.180808,125,4118,57.2685,True
exp_v1_longpath,wc3,blastedlands,0.4987,1,542.796031,astar_euclidean,True,542.796031,36,44211,403.8881,True
exp_v1_longpath,wc3,blastedlands,0.4987,1,542.796031,astar_octile,True,542.796031,18,27087,274.4318,True
exp_v1_longpath,wc3,blastedlands,0.4987,1,542.796031,weighted_1.2,True,545.281313,41,4742,40.7351,True
exp_v1_longpath,wc3,blastedlands,0.4987,1,542.796031,improved_ours,True,514.869583,15,5201,69.4743,True
exp_v1_longpath,wc3,blastedlands,0.4987,1,542.796031,ablation_no_adapt,True,515.301068,10,27087,279.2419,True
exp_v1_longpath,wc3,blastedlands,0.4987,1,542.796031,ablation_no_smooth,True,562.653896,119,5201,70.1984,True
exp_v1_longpath,wc3,blastedlands,0.4987,2,542.695526,astar_euclidean,True,542.695526,52,32967,295.9149,True
exp_v1_longpath,wc3,blastedlands,0.4987,2,542.695526,astar_octile,True,542.695526,41,17840,162.9060,True
exp_v1_longpath,wc3,blastedlands,0.4987,2,542.695526,weighted_1.2,True,546.837662,51,2969,34.5489,True
exp_v1_longpath,wc3,blastedlands,0.4987,2,542.695526,improved_ours,True,527.368900,23,3078,38.3998,True
exp_v1_longpath,wc3,blastedlands,0.4987,2,542.695526,ablation_no_adapt,True,515.102968,17,17840,169.3750,True
exp_v1_longpath,wc3,blastedlands,0.4987,2,542.695526,ablation_no_smooth,True,581.198052,98,3078,38.0685,True
exp_v1_longpath,wc3,blastedlands,0.4987,3,542.151370,astar_euclidean,True,542.151370,55,40596,363.8939,True
exp_v1_longpath,wc3,blastedlands,0.4987,3,542.151370,astar_octile,True,542.151370,20,26320,270.1988,True
exp_v1_longpath,wc3,blastedlands,0.4987,3,542.151370,weighted_1.2,True,544.636652,26,3091,27.3544,True
exp_v1_longpath,wc3,blastedlands,0.4987,3,542.151370,improved_ours,True,515.597105,14,3131,38.5914,True
exp_v1_longpath,wc3,blastedlands,0.4987,3,542.151370,ablation_no_adapt,True,512.985724,9,26320,261.0677,True
exp_v1_longpath,wc3,blastedlands,0.4987,3,542.151370,ablation_no_smooth,True,558.938167,63,3131,47.8290,True
exp_v1_longpath,wc3,blastedlands,0.4987,4,541.997041,astar_euclidean,True,541.997041,61,37572,330.5405,True
exp_v1_longpath,wc3,blastedlands,0.4987,4,541.997041,astar_octile,True,541.997041,15,13670,144.6797,True
exp_v1_longpath,wc3,blastedlands,0.4987,4,541.997041,weighted_1.2,True,573.109740,67,4134,37.3515,True
exp_v1_longpath,wc3,blastedlands,0.4987,4,541.997041,improved_ours,True,528.113924,9,5089,68.9890,True
exp_v1_longpath,wc3,blastedlands,0.4987,4,541.997041,ablation_no_adapt,True,522.899632,6,13670,139.0363,True
exp_v1_longpath,wc3,blastedlands,0.4987,4,541.997041,ablation_no_smooth,True,579.737157,112,5089,69.7166,True
exp_v1_longpath,wc3,bloodvenomfalls,0.5573,0,627.541197,astar_euclidean,True,627.541197,27,55834,493.5989,True
exp_v1_longpath,wc3,bloodvenomfalls,0.5573,0,627.541197,astar_octile,True,627.541197,26,41926,404.7480,True
exp_v1_longpath,wc3,bloodvenomfalls,0.5573,0,627.541197,weighted_1.2,True,643.624458,59,25500,247.7635,True
exp_v1_longpath,wc3,bloodvenomfalls,0.5573,0,627.541197,improved_ours,True,614.298549,23,21674,319.6719,True
exp_v1_longpath,wc3,bloodvenomfalls,0.5573,0,627.541197,ablation_no_adapt,True,609.249661,12,41926,415.2921,True
exp_v1_longpath,wc3,bloodvenomfalls,0.5573,0,627.541197,ablation_no_smooth,True,688.369624,145,21674,325.8217,True
exp_v1_longpath,wc3,bloodvenomfalls,0.5573,1,626.842712,astar_euclidean,True,626.842712,75,52903,468.9508,True
exp_v1_longpath,wc3,bloodvenomfalls,0.5573,1,626.842712,astar_octile,True,626.842712,34,43901,479.8805,True
exp_v1_longpath,wc3,bloodvenomfalls,0.5573,1,626.842712,weighted_1.2,True,642.766594,65,15936,155.1291,True
exp_v1_longpath,wc3,bloodvenomfalls,0.5573,1,626.842712,improved_ours,True,603.870810,19,15621,213.3130,True
exp_v1_longpath,wc3,bloodvenomfalls,0.5573,1,626.842712,ablation_no_adapt,True,593.330273,13,43901,489.1470,True
exp_v1_longpath,wc3,bloodvenomfalls,0.5573,1,626.842712,ablation_no_smooth,True,684.239682,167,15621,227.0367,True
exp_v1_longpath,wc3,bloodvenomfalls,0.5573,2,626.825468,astar_euclidean,True,626.825469,60,51948,493.0236,True
exp_v1_longpath,wc3,bloodvenomfalls,0.5573,2,626.825468,astar_octile,True,626.825469,23,40867,465.3174,True
exp_v1_longpath,wc3,bloodvenomfalls,0.5573,2,626.825468,weighted_1.2,True,643.335137,60,14456,146.6702,True
exp_v1_longpath,wc3,bloodvenomfalls,0.5573,2,626.825468,improved_ours,True,612.105029,23,13935,207.0245,True
exp_v1_longpath,wc3,bloodvenomfalls,0.5573,2,626.825468,ablation_no_adapt,True,601.808497,12,40867,500.2539,True
exp_v1_longpath,wc3,bloodvenomfalls,0.5573,2,626.825468,ablation_no_smooth,True,692.038672,160,13935,213.7667,True
exp_v1_longpath,wc3,bloodvenomfalls,0.5573,3,626.009235,astar_euclidean,True,626.009235,35,54296,482.6784,True
exp_v1_longpath,wc3,bloodvenomfalls,0.5573,3,626.009235,astar_octile,True,626.009235,29,45440,436.6382,True
exp_v1_longpath,wc3,bloodvenomfalls,0.5573,3,626.009235,weighted_1.2,True,635.465079,65,14514,127.2335,True
exp_v1_longpath,wc3,bloodvenomfalls,0.5573,3,626.009235,improved_ours,True,605.954835,19,14938,199.4724,True
exp_v1_longpath,wc3,bloodvenomfalls,0.5573,3,626.009235,ablation_no_adapt,True,604.886373,15,45440,423.4243,True
exp_v1_longpath,wc3,bloodvenomfalls,0.5573,3,626.009235,ablation_no_smooth,True,669.867099,139,14938,219.0778,True
exp_v1_longpath,wc3,bloodvenomfalls,0.5573,4,625.967604,astar_euclidean,True,625.967604,67,46184,404.4645,True
exp_v1_longpath,wc3,bloodvenomfalls,0.5573,4,625.967604,astar_octile,True,625.967604,27,34611,334.5641,True
exp_v1_longpath,wc3,bloodvenomfalls,0.5573,4,625.967604,weighted_1.2,True,657.465079,58,15112,141.1107,True
exp_v1_longpath,wc3,bloodvenomfalls,0.5573,4,625.967604,improved_ours,True,608.026198,15,12055,163.7906,True
exp_v1_longpath,wc3,bloodvenomfalls,0.5573,4,625.967604,ablation_no_adapt,True,606.077345,13,34611,331.0516,True
exp_v1_longpath,wc3,bloodvenomfalls,0.5573,4,625.967604,ablation_no_smooth,True,674.310750,186,12055,157.7025,True
exp_v1_longpath,wc3,bootybay,0.7149,0,883.173665,astar_euclidean,True,883.173665,82,58382,455.8180,True
exp_v1_longpath,wc3,bootybay,0.7149,0,883.173665,astar_octile,True,883.173665,53,55817,504.4073,True
exp_v1_longpath,wc3,bootybay,0.7149,0,883.173665,weighted_1.2,True,892.286363,104,51470,487.6194,True
exp_v1_longpath,wc3,bootybay,0.7149,0,883.173665,improved_ours,True,846.895807,31,50649,695.4782,True
exp_v1_longpath,wc3,bootybay,0.7149,0,883.173665,ablation_no_adapt,True,842.362855,26,55817,488.0999,True
exp_v1_longpath,wc3,bootybay,0.7149,0,883.173665,ablation_no_smooth,True,915.156421,168,50649,716.4939,True
exp_v1_longpath,wc3,bootybay,0.7149,1,882.416306,astar_euclidean,True,882.416306,63,74268,603.6020,True
exp_v1_longpath,wc3,bootybay,0.7149,1,882.416306,astar_octile,True,882.416306,56,73941,725.2361,True
exp_v1_longpath,wc3,bootybay,0.7149,1,882.416306,weighted_1.2,True,885.730014,130,69668,663.2842,True
exp_v1_longpath,wc3,bootybay,0.7149,1,882.416306,improved_ours,True,842.334909,27,66165,976.0092,True
exp_v1_longpath,wc3,bootybay,0.7149,1,882.416306,ablation_no_adapt,True,847.236785,25,73941,697.5399,True
exp_v1_longpath,wc3,bootybay,0.7149,1,882.416306,ablation_no_smooth,True,895.730014,208,66165,929.7456,True
exp_v1_longpath,wc3,bootybay,0.7149,2,881.943217,astar_euclidean,True,881.943218,58,70432,559.2308,True
exp_v1_longpath,wc3,bootybay,0.7149,2,881.943217,astar_octile,True,881.943218,54,67776,621.8240,True
exp_v1_longpath,wc3,bootybay,0.7149,2,881.943217,weighted_1.2,True,883.600072,60,56076,492.5257,True
exp_v1_longpath,wc3,bootybay,0.7149,2,881.943217,improved_ours,True,844.343012,28,55345,773.5670,True
exp_v1_longpath,wc3,bootybay,0.7149,2,881.943217,ablation_no_adapt,True,840.656804,24,67776,676.0327,True
exp_v1_longpath,wc3,bootybay,0.7149,2,881.943217,ablation_no_smooth,True,910.126984,156,55345,722.7294,True
exp_v1_longpath,wc3,bootybay,0.7149,3,881.931024,astar_euclidean,True,881.931024,61,73192,575.4380,True
exp_v1_longpath,wc3,bootybay,0.7149,3,881.931024,astar_octile,True,881.931024,50,72491,728.9343,True
exp_v1_longpath,wc3,bootybay,0.7149,3,881.931024,weighted_1.2,True,882.759451,57,63981,602.1159,True
exp_v1_longpath,wc3,bootybay,0.7149,3,881.931024,improved_ours,True,842.995273,23,57901,828.4612,True
exp_v1_longpath,wc3,bootybay,0.7149,3,881.931024,ablation_no_adapt,True,845.676951,23,72491,697.4350,True
exp_v1_longpath,wc3,bootybay,0.7149,3,881.931024,ablation_no_smooth,True,891.345238,159,57901,815.5613,True
exp_v1_longpath,wc3,bootybay,0.7149,4,881.717821,astar_euclidean,True,881.717821,52,72534,564.7192,True
exp_v1_longpath,wc3,bootybay,0.7149,4,881.717821,astar_octile,True,881.717821,53,71839,680.1796,True
exp_v1_longpath,wc3,bootybay,0.7149,4,881.717821,weighted_1.2,True,884.203102,108,61098,560.8754,True
exp_v1_longpath,wc3,bootybay,0.7149,4,881.717821,improved_ours,True,845.548699,26,56185,759.2020,True
exp_v1_longpath,wc3,bootybay,0.7149,4,881.717821,ablation_no_adapt,True,848.815282,25,71839,713.3726,True
exp_v1_longpath,wc3,bootybay,0.7149,4,881.717821,ablation_no_smooth,True,902.345238,185,56185,751.4489,True
exp_v1_longpath,wc3,darkforest,0.6194,0,602.423448,astar_euclidean,True,602.423448,33,33486,343.9128,True
exp_v1_longpath,wc3,darkforest,0.6194,0,602.423448,astar_octile,True,602.423448,34,21208,228.5456,True
exp_v1_longpath,wc3,darkforest,0.6194,0,602.423448,weighted_1.2,True,609.050865,46,5289,45.7021,True
exp_v1_longpath,wc3,darkforest,0.6194,0,602.423448,improved_ours,True,569.429122,20,10259,141.6638,True
exp_v1_longpath,wc3,darkforest,0.6194,0,602.423448,ablation_no_adapt,True,564.731718,11,21208,229.2678,True
exp_v1_longpath,wc3,darkforest,0.6194,0,602.423448,ablation_no_smooth,True,662.121933,117,10259,146.4206,True
exp_v1_longpath,wc3,darkforest,0.6194,1,602.310750,astar_euclidean,True,602.310750,225,56569,541.7295,True
exp_v1_longpath,wc3,darkforest,0.6194,1,602.310750,astar_octile,True,602.310750,37,48137,543.2142,True
exp_v1_longpath,wc3,darkforest,0.6194,1,602.310750,weighted_1.2,True,608.109740,48,11091,104.6646,True
exp_v1_longpath,wc3,darkforest,0.6194,1,602.310750,improved_ours,True,606.951450,27,34395,544.3515,True
exp_v1_longpath,wc3,darkforest,0.6194,1,602.310750,ablation_no_adapt,True,570.917099,15,48137,529.9294,True
exp_v1_longpath,wc3,darkforest,0.6194,1,602.310750,ablation_no_smooth,True,684.612265,172,34395,508.4504,True
exp_v1_longpath,wc3,darkforest,0.6194,2,602.038672,astar_euclidean,True,602.038672,41,48613,434.8798,True
exp_v1_longpath,wc3,darkforest,0.6194,2,602.038672,astar_octile,True,602.038672,36,40036,373.1690,True
exp_v1_longpath,wc3,darkforest,0.6194,2,602.038672,weighted_1.2,True,603.695526,40,19875,195.6025,True
exp_v1_longpath,wc3,darkforest,0.6194,2,602.038672,improved_ours,True,573.315514,17,18367,281.0946,True
exp_v1_longpath,wc3,darkforest,0.6194,2,602.038672,ablation_no_adapt,True,569.717675,14,40036,378.9067,True
exp_v1_longpath,wc3,darkforest,0.6194,2,602.038672,ablation_no_smooth,True,632.440692,139,18367,264.2002,True
exp_v1_longpath,wc3,darkforest,0.6194,3,601.938167,astar_euclidean,True,601.938167,36,51463,445.0197,True
exp_v1_longpath,wc3,darkforest,0.6194,3,601.938167,astar_octile,True,601.938167,34,43832,398.6864,True
exp_v1_longpath,wc3,darkforest,0.6194,3,601.938167,weighted_1.2,True,603.595021,41,21572,211.1559,True
exp_v1_longpath,wc3,darkforest,0.6194,3,601.938167,improved_ours,True,571.112583,13,19584,270.5245,True
exp_v1_longpath,wc3,darkforest,0.6194,3,601.938167,ablation_no_adapt,True,570.055661,17,43832,392.3264,True
exp_v1_longpath,wc3,darkforest,0.6194,3,601.938167,ablation_no_smooth,True,637.754401,170,19584,267.0597,True
exp_v1_longpath,wc3,darkforest,0.6194,4,601.352380,astar_euclidean,True,601.352380,67,37524,332.0319,True
exp_v1_longpath,wc3,darkforest,0.6194,4,601.352380,astar_octile,True,601.352380,36,27287,284.2296,True
exp_v1_longpath,wc3,darkforest,0.6194,4,601.352380,weighted_1.2,True,607.151370,51,7354,67.2113,True
exp_v1_longpath,wc3,darkforest,0.6194,4,601.352380,improved_ours,True,567.412922,15,8089,109.6923,True
exp_v1_longpath,wc3,darkforest,0.6194,4,601.352380,ablation_no_adapt,True,566.448213,12,27287,279.0119,True
exp_v1_longpath,wc3,darkforest,0.6194,4,601.352380,ablation_no_smooth,True,638.908730,117,8089,113.6553,True
